15,SerenaW94
15,Afulle23
15,Nedhudir
15,SpinXoxo909
21,LatinFire39
21,SmithySmokes
21,CodeGreen83
21,DancingDory
27,DoubleTake902
27,404NotFoundYet
27,Uledrider
27,Faxity839
30,Onur53
30,ErubadhronWhat23
30,Saeldur74
30,Elax24
5,LatinFire39
5,SmithySmokes
5,CodeGreen83
5,DancingDory
8,SerenaW94
8,Afulle23
8,Nedhudir
8,SpinXoxo909
16,DoubleTake902
16,404NotFoundYet
16,Uledrider
16,Faxity839
19,Onur53
19,ErubadhronWhat23
19,Saeldur74
19,Elax24
10,LatinFire39
10,SmithySmokes
10,CodeGreen83
10,DancingDory
12,Onur53
12,ErubadhronWhat23
12,Saeldur74
12,Elax24
24,ScarWizardOwl19
24,FunnyCandy
24,PotterNerd90
24,DragonSlayer43
29,Bulletin8969
29,ToothFairyQueen38
29,LuckyCharms34
29,Brokk
18,LatinFire39
18,SmithySmokes
18,CodeGreen83
18,DancingDory
25,DoubleTake902
25,404NotFoundYet
25,Uledrider
25,Faxity839
31,GingerRoots75
31,PotionsMaster99
31,Yerakor
31,TheHelplessGamer
32,Bulletin8969
32,ToothFairyQueen38
32,LuckyCharms34
32,Brokk
1,SerenaW94
1,Afulle23
1,Nedhudir
1,SpinXoxo909
9,ScarWizardOwl19
9,FunnyCandy
9,PotterNerd90
9,DragonSlayer43
20,GingerRoots75
20,PotionsMaster99
20,Yerakor
20,TheHelplessGamer
26,Bulletin8969
26,ToothFairyQueen38
26,LuckyCharms34
26,Brokk
3,LatinFire39
3,SmithySmokes
3,CodeGreen83
3,DancingDory
17,Bulletin8969
17,ToothFairyQueen38
17,LuckyCharms34
17,Brokk
23,SingsterAllDay
23,BuckBuckChick
23,LolaQueen
23,MarsDragon348
28,GingerRoots75
28,PotionsMaster99
28,Yerakor
28,TheHelplessGamer
2,LatinFire39
2,SmithySmokes
2,CodeGreen83
2,DancingDory
7,ScarWizardOwl19
7,FunnyCandy
7,PotterNerd90
7,DragonSlayer43
11,Bulletin8969
11,ToothFairyQueen38
11,LuckyCharms34
11,Brokk
14,SingsterAllDay
14,BuckBuckChick
14,LolaQueen
14,MarsDragon348
4,LatinFire39
4,SmithySmokes
4,CodeGreen83
4,DancingDory
6,DoubleTake902
6,404NotFoundYet
6,Uledrider
6,Faxity839
22,Onur53
22,ErubadhronWhat23
22,Saeldur74
22,Elax24
13,ScarWizardOwl19
13,FunnyCandy
13,PotterNerd90
13,DragonSlayer43