The Dirk Digglers, 1, 1999-12-01, 2007-06-15, Yes
The Dirk Digglers, 7, 1999-12-01, 2007-06-15, Yes
The Dirk Digglers, 13, 1999-12-01, 2007-06-15, Yes
The Dirk Digglers, 18, 1999-12-01, 2007-06-15, Yes
Cave Divers, 2, 2003-01-01, NULL, No
Cave Divers, 8, 2003-01-01, NULL, No
Cave Divers, 14, 2003-01-01, NULL, No
Cave Divers, 19, 2003-01-01, NULL, No
The Lame Innuendos, 3, 2002-11-26, NULL, Yes
The Lame Innuendos, 9, 2002-11-26, NULL, Yes
The Lame Innuendos, 11, 2002-11-26, NULL, Yes
Star Wars Team, 4, 1992-10-03, NULL, No
Star Wars Team, 10, 1992-10-03, NULL, No
Star Wars Team, 15, 1992-10-03, NULL, No
Star Wars Team, 20, 1992-10-03, NULL, No
Star Wars Team, 23, 1992-10-03, NULL, No
Star Wars Team, 25, 1992-10-03, NULL, No
Star Wars Team, 26, 1992-10-03, NULL, No
South Parks and Rec, 5, 2005-06-07, 2006-07-08, Yes
South Parks and Rec, 11, 2005-06-07, 2006-07-08, Yes
South Parks and Rec, 16, 2005-06-07, 2006-07-08, Yes
South Parks and Rec, 21, 2005-06-07, 2006-07-08, Yes
Tennessee Titans, 6, 2003-02-01, NULL, Yes
Tennessee Titans, 12, 2003-02-01, NULL, Yes
Tennessee Titans, 17, 2003-02-01, NULL, Yes
Tennessee Titans, 22, 2003-02-01, NULL, Yes
Tennessee Titans, 24, 2003-02-01, NULL, Yes